AVENTURA LAGOS 4X4,PRECIO,FECHA INICIO,FECHA FIN
NOCTURNA ADULTO," $170.000,00",1/1/2025,31/3/2025
NOCTURNA ADULTO," $187.000,00",1/4/2025,30/6/2025
NOCTURNA ADULTO," $195.000,00",1/7/2025,30/9/2025
NOCTURNA JUBILADO," $170.000,00",1/1/2025,31/3/2025
NOCTURNA JUBILADO," $187.000,00",1/4/2025,30/6/2025
NOCTURNA JUBILADO," $195.000,00",1/7/2025,30/9/2025
NOCTURNA MENOR," $136.000,00",1/1/2025,31/3/2025
NOCTURNA MENOR," $149.600,00",1/4/2025,30/6/2025
NOCTURNA MENOR," $156.000,00",1/7/2025,30/9/2025
NOCTURNA CUD," $170.000,00",1/1/2025,31/3/2025
NOCTURNA CUD," $187.000,00",1/4/2025,30/6/2025
NOCTURNA CUD," $195.000,00",1/7/2025,30/9/2025
NOCTURNA INFOA," $136.000,00",1/1/2025,31/3/2025
NOCTURNA INFOA," $149.600,00",1/4/2025,30/6/2025
NOCTURNA INFOA," $156.000,00",1/7/2025,30/9/2025
