TRASLADO PARQUE NACIONAL,PRECIO,FECHA INICIO,FECHA FIN
IDA Y VUELTA ADULTO," $30.500,00",1/1/2025,31/1/2025
IDA Y VUELTA ADULTO," $32.000,00",1/2/2025,28/2/2025
IDA Y VUELTA ADULTO," $33.500,00",1/3/2025,31/3/2025
IDA Y VUELTA ADULTO," $34.500,00",1/4/2025,30/4/2025
IDA Y VUELTA ADULTO," $36.000,00",1/5/2025,31/5/2025
IDA Y VUELTA ADULTO," $37.500,00",1/6/2025,30/6/2025
IDA Y VUELTA ADULTO," $39.000,00",1/7/2025,31/7/2025
IDA Y VUELTA ADULTO," $41.500,00",1/8/2025,31/8/2025
IDA Y VUELTA ADULTO," $43.000,00",1/9/2025,30/9/2025
IDA ADULTO," $15.250,00",1/1/2025,31/1/2025
IDA ADULTO," $16.000,00",1/2/2025,28/2/2025
IDA ADULTO," $16.750,00",1/3/2025,31/3/2025
IDA ADULTO," $17.250,00",1/4/2025,30/4/2025
IDA ADULTO," $18.000,00",1/5/2025,31/5/2025
IDA ADULTO," $18.750,00",1/6/2025,30/6/2025
IDA ADULTO," $19.500,00",1/7/2025,31/7/2025
IDA ADULTO," $20.750,00",1/8/2025,31/8/2025
IDA ADULTO," $21.500,00",1/9/2025,30/9/2025
IDA JUBILADO," $15.250,00",1/1/2025,31/1/2025
IDA JUBILADO," $16.000,00",1/2/2025,28/2/2025
IDA JUBILADO," $16.750,00",1/3/2025,31/3/2025
IDA JUBILADO," $17.250,00",1/4/2025,30/4/2025
IDA JUBILADO," $18.000,00",1/5/2025,31/5/2025
IDA JUBILADO," $18.750,00",1/6/2025,30/6/2025
IDA JUBILADO," $19.500,00",1/7/2025,31/7/2025
IDA JUBILADO," $20.750,00",1/8/2025,31/8/2025
IDA JUBILADO," $21.500,00",1/9/2025,30/9/2025
IDA MENOR," $15.250,00",1/1/2025,31/1/2025
IDA MENOR," $16.000,00",1/2/2025,28/2/2025
IDA MENOR," $16.750,00",1/3/2025,31/3/2025
IDA MENOR," $17.250,00",1/4/2025,30/4/2025
IDA MENOR," $18.000,00",1/5/2025,31/5/2025
IDA MENOR," $18.750,00",1/6/2025,30/6/2025
IDA MENOR," $19.500,00",1/7/2025,31/7/2025
IDA MENOR," $20.750,00",1/8/2025,31/8/2025
IDA MENOR," $21.500,00",1/9/2025,30/9/2025
IDA CUD," $15.250,00",1/1/2025,31/1/2025
IDA CUD," $16.000,00",1/2/2025,28/2/2025
IDA CUD," $16.750,00",1/3/2025,31/3/2025
IDA CUD," $17.250,00",1/4/2025,30/4/2025
IDA CUD," $18.000,00",1/5/2025,31/5/2025
IDA CUD," $18.750,00",1/6/2025,30/6/2025
IDA CUD," $19.500,00",1/7/2025,31/7/2025
IDA CUD," $20.750,00",1/8/2025,31/8/2025
IDA CUD," $21.500,00",1/9/2025,30/9/2025
VUELTA ADULTO," $15.250,00",1/1/2025,31/1/2025
VUELTA ADULTO," $16.000,00",1/2/2025,28/2/2025
VUELTA ADULTO," $16.750,00",1/3/2025,31/3/2025
VUELTA ADULTO," $17.250,00",1/4/2025,30/4/2025
VUELTA ADULTO," $18.000,00",1/5/2025,31/5/2025
VUELTA ADULTO," $18.750,00",1/6/2025,30/6/2025
VUELTA ADULTO," $19.500,00",1/7/2025,31/7/2025
VUELTA ADULTO," $20.750,00",1/8/2025,31/8/2025
VUELTA ADULTO," $21.500,00",1/9/2025,30/9/2025
VUELTA JUBILADO," $15.250,00",1/1/2025,31/1/2025
VUELTA JUBILADO," $16.000,00",1/2/2025,28/2/2025
VUELTA JUBILADO," $16.750,00",1/3/2025,31/3/2025
VUELTA JUBILADO," $17.250,00",1/4/2025,30/4/2025
VUELTA JUBILADO," $18.000,00",1/5/2025,31/5/2025
VUELTA JUBILADO," $18.750,00",1/6/2025,30/6/2025
VUELTA JUBILADO," $19.500,00",1/7/2025,31/7/2025
VUELTA JUBILADO," $20.750,00",1/8/2025,31/8/2025
VUELTA JUBILADO," $21.500,00",1/9/2025,30/9/2025
VUELTA MENOR," $15.250,00",1/1/2025,31/1/2025
VUELTA MENOR," $16.000,00",1/2/2025,28/2/2025
VUELTA MENOR," $16.750,00",1/3/2025,31/3/2025
VUELTA MENOR," $17.250,00",1/4/2025,30/4/2025
VUELTA MENOR," $18.000,00",1/5/2025,31/5/2025
VUELTA MENOR," $18.750,00",1/6/2025,30/6/2025
VUELTA MENOR," $19.500,00",1/7/2025,31/7/2025
VUELTA MENOR," $20.750,00",1/8/2025,31/8/2025
VUELTA MENOR," $21.500,00",1/9/2025,30/9/2025
VUELTA CUD," $15.250,00",1/1/2025,31/1/2025
VUELTA CUD," $16.000,00",1/2/2025,28/2/2025
VUELTA CUD," $16.750,00",1/3/2025,31/3/2025
VUELTA CUD," $17.250,00",1/4/2025,30/4/2025
VUELTA CUD," $18.000,00",1/5/2025,31/5/2025
VUELTA CUD," $18.750,00",1/6/2025,30/6/2025
VUELTA CUD," $19.500,00",1/7/2025,31/7/2025
VUELTA CUD," $20.750,00",1/8/2025,31/8/2025
VUELTA CUD," $21.500,00",1/9/2025,30/9/2025
