TREKKING,PRECIO,FECHA INICIO,FECHA FIN
VINCIGUERRA ADULTO," $200.000,00",1/1/2025,31/3/2025
VINCIGUERRA ADULTO," $220.000,00",1/4/2025,30/6/2025
VINCIGUERRA ADULTO," $242.000,00",1/7/2025,30/9/2025
VINCIGUERRA JUBILADO," $200.000,00",1/1/2025,31/3/2025
VINCIGUERRA JUBILADO," $220.000,00",1/4/2025,30/6/2025
VINCIGUERRA JUBILADO," $242.000,00",1/7/2025,30/9/2025
VINCIGUERRA MENOR," $200.000,00",1/1/2025,31/3/2025
VINCIGUERRA MENOR," $220.000,00",1/4/2025,30/6/2025
VINCIGUERRA MENOR," $242.000,00",1/7/2025,30/9/2025
VINCIGUERRA CUD," $200.000,00",1/1/2025,31/3/2025
VINCIGUERRA CUD," $220.000,00",1/4/2025,30/6/2025
VINCIGUERRA CUD," $242.000,00",1/7/2025,30/9/2025
